City,Province,Year,Make,Model,Price,Mileage,URL
Moncton,NB,2010,Honda,civic,4500,170000,facebook.com/marketplace/item/790927115981218/?ref=search&referral_code=null&referral_story_type=post&__tn__=!%3AD
Moncton,NB,2016,Honda,civic,16500,176000,facebook.com/marketplace/item/550591577282477/?ref=search&referral_code=null&referral_story_type=post&__tn__=!%3AD
Moncton,NB,2012,Honda,civic,12000,198000,facebook.com/marketplace/item/7066306713384948/?ref=search&referral_code=null&referral_story_type=post&__tn__=!%3AD
Moncton,NB,2012,Honda,civic,13000,102000,facebook.com/marketplace/item/1449911362421633/?ref=search&referral_code=null&referral_story_type=post&__tn__=!%3AD
Riverview,NB,2015,Honda,civic,19999,112000,facebook.com/marketplace/item/1362966634561957/?ref=search&referral_code=null&referral_story_type=post&__tn__=!%3AD
Amherst,NS,2018,Honda,civic,23695,112000,facebook.com/marketplace/item/271998841879105/?ref=search&referral_code=null&referral_story_type=post&__tn__=!%3AD
Amherst,NS,2018,Honda,civic,23895,112000,facebook.com/marketplace/item/782779236909088/?ref=search&referral_code=null&referral_story_type=post&__tn__=!%3AD
Amherst,NS,2020,Honda,civic,27995,75000,facebook.com/marketplace/item/1601552856999209/?ref=search&referral_code=null&referral_story_type=post&__tn__=!%3AD
Prince,PE,2019,Honda,civic,26000,55000,facebook.com/marketplace/item/205167035773437/?ref=search&referral_code=null&referral_story_type=post&__tn__=!%3AD
Terrebonne,QC,2004,Honda,civic,3200,90000,facebook.com/marketplace/item/2337970519717840/?ref=search&referral_code=null&referral_story_type=post&__tn__=!%3AD
Montreal,QC,2015,Honda,civic,16500,95000,facebook.com/marketplace/item/1588623618286705/?ref=search&referral_code=null&referral_story_type=post&__tn__=!%3AD
Laval,QC,2009,Honda,civic,6700,163000,facebook.com/marketplace/item/3423058844629811/?ref=search&referral_code=null&referral_story_type=post&__tn__=!%3AD
Montreal,QC,2013,Honda,civic,11800,156000,facebook.com/marketplace/item/271792451925795/?ref=search&referral_code=null&referral_story_type=post&__tn__=!%3AD
Montreal,QC,2018,Honda,civic,17400,61000,facebook.com/marketplace/item/1110522613238589/?ref=search&referral_code=null&referral_story_type=post&__tn__=!%3AD
Mont-Royal,QC,2015,Honda,civic,15500,62000,facebook.com/marketplace/item/268273248945698/?ref=search&referral_code=null&referral_story_type=post&__tn__=!%3AD
Montreal,QC,2005,Honda,civic,2750,190000,facebook.com/marketplace/item/717684186778478/?ref=search&referral_code=null&referral_story_type=post&__tn__=!%3AD
Montreal-Est,QC,2013,Honda,civic,8999,160000,facebook.com/marketplace/item/135213896236437/?ref=search&referral_code=null&referral_story_type=post&__tn__=!%3AD
Montreal,QC,2009,Honda,civic,7950,149000,facebook.com/marketplace/item/306861214999474/?ref=search&referral_code=null&referral_story_type=post&__tn__=!%3AD
Montreal,QC,2009,Honda,civic,5900,180000,facebook.com/marketplace/item/1199859680676730/?ref=search&referral_code=null&referral_story_type=post&__tn__=!%3AD
Montreal,QC,2010,Honda,civic,6200,123000,facebook.com/marketplace/item/276164464811597/?ref=search&referral_code=null&referral_story_type=post&__tn__=!%3AD
Montreal,QC,2012,Honda,civic,12995,119000,facebook.com/marketplace/item/603710181825692/?ref=search&referral_code=null&referral_story_type=post&__tn__=!%3AD
Assomption,QC,2015,Honda,civic,11495,193000,facebook.com/marketplace/item/147488238330709/?ref=search&referral_code=null&referral_story_type=post&__tn__=!%3AD
Montreal,QC,2012,Honda,civic,8500,169000,facebook.com/marketplace/item/3315331355350579/?ref=search&referral_code=null&referral_story_type=post&__tn__=!%3AD
Montreal,QC,2017,Honda,civic,12600,192000,facebook.com/marketplace/item/3659089184377658/?ref=search&referral_code=null&referral_story_type=post&__tn__=!%3AD
Montreal,QC,2014,Honda,civic,14995,90000,facebook.com/marketplace/item/1017440009421159/?ref=search&referral_code=null&referral_story_type=post&__tn__=!%3AD
Laval,QC,2007,Honda,civic,5000,110000,facebook.com/marketplace/item/130735356660076/?ref=search&referral_code=null&referral_story_type=post&__tn__=!%3AD
Montreal,QC,2006,Honda,civic,4900,144000,facebook.com/marketplace/item/3399001350365939/?ref=search&referral_code=null&referral_story_type=post&__tn__=!%3AD
Laval,QC,2006,Honda,civic,3500,190000,facebook.com/marketplace/item/1047491669989383/?ref=search&referral_code=null&referral_story_type=post&__tn__=!%3AD
Laval,QC,2006,Honda,civic,4500,195000,facebook.com/marketplace/item/1270216033933156/?ref=search&referral_code=null&referral_story_type=post&__tn__=!%3AD
Laval,QC,2008,Honda,civic,4700,185000,facebook.com/marketplace/item/178735041830882/?ref=search&referral_code=null&referral_story_type=post&__tn__=!%3AD
Montreal,QC,2018,Honda,civic,15500,58000,facebook.com/marketplace/item/1234056610643915/?ref=search&referral_code=null&referral_story_type=post&__tn__=!%3AD
Montreal,QC,2019,Honda,civic,14500,143000,facebook.com/marketplace/item/226400540180269/?ref=search&referral_code=null&referral_story_type=post&__tn__=!%3AD
Blainville,QC,2015,Honda,civic,13500,158000,facebook.com/marketplace/item/1041740310532845/?ref=search&referral_code=null&referral_story_type=post&__tn__=!%3AD
Montreal,QC,2013,Honda,civic,12500,167000,facebook.com/marketplace/item/1586789128481483/?ref=search&referral_code=null&referral_story_type=post&__tn__=!%3AD
Ste-Julie,QC,2013,Honda,civic,10500,169000,facebook.com/marketplace/item/6264681143628665/?ref=search&referral_code=null&referral_story_type=post&__tn__=!%3AD
Mirabel,QC,2012,Honda,civic,11000,183000,facebook.com/marketplace/item/944478426793002/?ref=search&referral_code=null&referral_story_type=post&__tn__=!%3AD
Montreal,QC,2015,Honda,civic,14995,148000,facebook.com/marketplace/item/784774036432592/?ref=search&referral_code=null&referral_story_type=post&__tn__=!%3AD
Montreal,QC,2010,Honda,civic,6500,168000,facebook.com/marketplace/item/1631800820650962/?ref=search&referral_code=null&referral_story_type=post&__tn__=!%3AD
Montreal,QC,2015,Honda,civic,13999,183000,facebook.com/marketplace/item/651974790299296/?ref=search&referral_code=null&referral_story_type=post&__tn__=!%3AD
St-Constant,QC,2014,Honda,civic,15000,94000,facebook.com/marketplace/item/583206440595653/?ref=search&referral_code=null&referral_story_type=post&__tn__=!%3AD
Montreal,QC,2012,Honda,civic,9700,168000,facebook.com/marketplace/item/799919014717719/?ref=search&referral_code=null&referral_story_type=post&__tn__=!%3AD
Longueuil,QC,2012,Honda,civic,10000,162000,facebook.com/marketplace/item/609480147848617/?ref=search&referral_code=null&referral_story_type=post&__tn__=!%3AD
Montreal,QC,2008,Honda,civic,6300,152000,facebook.com/marketplace/item/800224815036033/?ref=search&referral_code=null&referral_story_type=post&__tn__=!%3AD
Laval,QC,2011,Honda,civic,7500,170000,facebook.com/marketplace/item/988259062182285/?ref=search&referral_code=null&referral_story_type=post&__tn__=!%3AD
Laval,QC,2015,Honda,civic,19000,86000,facebook.com/marketplace/item/1357881301458595/?ref=search&referral_code=null&referral_story_type=post&__tn__=!%3AD
Longueuil,QC,2012,Honda,civic,9450,179000,facebook.com/marketplace/item/1209978419715789/?ref=search&referral_code=null&referral_story_type=post&__tn__=!%3AD
Montreal,QC,2015,Honda,civic,14495,148000,facebook.com/marketplace/item/1280989409189047/?ref=search&referral_code=null&referral_story_type=post&__tn__=!%3AD
Montreal,QC,2015,Honda,civic,14995,148000,facebook.com/marketplace/item/525465512983320/?ref=search&referral_code=null&referral_story_type=post&__tn__=!%3AD
Montreal,QC,2012,Honda,civic,8900,167000,facebook.com/marketplace/item/270527548771036/?ref=search&referral_code=null&referral_story_type=post&__tn__=!%3AD
Montreal,QC,2006,Honda,civic,4900,180000,facebook.com/marketplace/item/1228410657832037/?ref=search&referral_code=null&referral_story_type=post&__tn__=!%3AD
Dollard-des Ormeaux,QC,2014,Honda,civic,16000,90000,facebook.com/marketplace/item/627914399393608/?ref=search&referral_code=null&referral_story_type=post&__tn__=!%3AD
Montreal,QC,2015,Honda,civic,14500,141000,facebook.com/marketplace/item/6472697949454534/?ref=search&referral_code=null&referral_story_type=post&__tn__=!%3AD
Longueuil,QC,2013,Honda,civic,9990,188000,facebook.com/marketplace/item/1247836055865080/?ref=search&referral_code=null&referral_story_type=post&__tn__=!%3AD
Mirabel,QC,2017,Honda,civic,18500,129000,facebook.com/marketplace/item/962361811632569/?ref=search&referral_code=null&referral_story_type=post&__tn__=!%3AD
Laval,QC,2011,Honda,civic,6299,160000,facebook.com/marketplace/item/3592297374380128/?ref=search&referral_code=null&referral_story_type=post&__tn__=!%3AD
Chateauguay,QC,2018,Honda,civic,20495,152000,facebook.com/marketplace/item/782820770216947/?ref=search&referral_code=null&referral_story_type=post&__tn__=!%3AD
Laval,QC,2011,Honda,civic,6299,160000,facebook.com/marketplace/item/6039300379526638/?ref=search&referral_code=null&referral_story_type=post&__tn__=!%3AD
Montreal,QC,2014,Honda,civic,12995,134000,facebook.com/marketplace/item/614929997258918/?ref=search&referral_code=null&referral_story_type=post&__tn__=!%3AD
Montreal,QC,2015,Honda,civic,14500,143000,facebook.com/marketplace/item/156699310721828/?ref=search&referral_code=null&referral_story_type=post&__tn__=!%3AD
Montreal,QC,2012,Honda,civic,11850,114000,facebook.com/marketplace/item/981645992835434/?ref=search&referral_code=null&referral_story_type=post&__tn__=!%3AD
Montreal,QC,2012,Honda,civic,9000,182000,facebook.com/marketplace/item/280285907729043/?ref=search&referral_code=null&referral_story_type=post&__tn__=!%3AD
Blainville,QC,2015,Honda,civic,13500,130000,facebook.com/marketplace/item/269041289030993/?ref=search&referral_code=null&referral_story_type=post&__tn__=!%3AD
Laval,QC,2018,Honda,civic,19250,119000,facebook.com/marketplace/item/985854002435650/?ref=search&referral_code=null&referral_story_type=post&__tn__=!%3AD
Montreal,QC,2014,Honda,civic,9995,194000,facebook.com/marketplace/item/236712665739252/?ref=search&referral_code=null&referral_story_type=post&__tn__=!%3AD
Laval,QC,2017,Honda,civic,16400,147000,facebook.com/marketplace/item/138741812549746/?ref=search&referral_code=null&referral_story_type=post&__tn__=!%3AD
Montreal-Est,QC,2008,Honda,civic,6400,152000,facebook.com/marketplace/item/271376658737390/?ref=search&referral_code=null&referral_story_type=post&__tn__=!%3AD
Montreal,QC,2014,Honda,civic,16500,90000,facebook.com/marketplace/item/1360207217861400/?ref=search&referral_code=null&referral_story_type=post&__tn__=!%3AD
Laval,QC,2012,Honda,civic,9200,167000,facebook.com/marketplace/item/9486141031458743/?ref=search&referral_code=null&referral_story_type=post&__tn__=!%3AD
Montreal,QC,2014,Honda,civic,16888,101000,facebook.com/marketplace/item/961553221648511/?ref=search&referral_code=null&referral_story_type=post&__tn__=!%3AD
Montreal,QC,2005,Honda,civic,5299,106000,facebook.com/marketplace/item/1849854485411327/?ref=search&referral_code=null&referral_story_type=post&__tn__=!%3AD
Montreal,QC,2016,Honda,civic,16000,149000,facebook.com/marketplace/item/224199930389121/?ref=search&referral_code=null&referral_story_type=post&__tn__=!%3AD
Ste-Sophie,QC,2007,Honda,civic,5500,140000,facebook.com/marketplace/item/283842710753448/?ref=search&referral_code=null&referral_story_type=post&__tn__=!%3AD
Montreal,QC,2012,Honda,civic,12995,119000,facebook.com/marketplace/item/6510208645684966/?ref=search&referral_code=null&referral_story_type=post&__tn__=!%3AD
Terrasse-Vaudreuil,QC,2014,Honda,civic,15800,99000,facebook.com/marketplace/item/1197042170959484/?ref=search&referral_code=null&referral_story_type=post&__tn__=!%3AD
Terrebonne,QC,2013,Honda,civic,11795,123000,facebook.com/marketplace/item/698633742022741/?ref=search&referral_code=null&referral_story_type=post&__tn__=!%3AD
Montreal,QC,2015,Honda,civic,15995,88000,facebook.com/marketplace/item/1445891049586235/?ref=search&referral_code=null&referral_story_type=post&__tn__=!%3AD
Montreal,QC,2002,Honda,civic,2500,180000,facebook.com/marketplace/item/1317643489102004/?ref=search&referral_code=null&referral_story_type=post&__tn__=!%3AD
Montreal,QC,2012,Honda,civic,9995,169000,facebook.com/marketplace/item/1224638548185808/?ref=search&referral_code=null&referral_story_type=post&__tn__=!%3AD
Levis,QC,2008,Honda,civic,2150,119000,facebook.com/marketplace/item/967843801196371/?ref=search&referral_code=null&referral_story_type=post&__tn__=!%3AD
Toronto,ON,2017,Honda,civic,18000,78000,facebook.com/marketplace/item/109313038843410/?ref=search&referral_code=null&referral_story_type=post&__tn__=!%3AD
Brampton,ON,2006,Honda,civic,3300,72000,facebook.com/marketplace/item/721882319743571/?ref=search&referral_code=null&referral_story_type=post&__tn__=!%3AD
Oakville,ON,2016,Honda,civic,17500,155000,facebook.com/marketplace/item/1437060813778536/?ref=search&referral_code=null&referral_story_type=post&__tn__=!%3AD
Brampton,ON,2012,Honda,civic,9800,165000,facebook.com/marketplace/item/2220449095011963/?ref=search&referral_code=null&referral_story_type=post&__tn__=!%3AD
Toronto,ON,2003,Honda,civic,1500,100000,facebook.com/marketplace/item/1201384724596434/?ref=search&referral_code=null&referral_story_type=post&__tn__=!%3AD
Toronto,ON,2013,Honda,civic,14500,167000,facebook.com/marketplace/item/579976004246395/?ref=search&referral_code=null&referral_story_type=post&__tn__=!%3AD
Toronto,ON,2006,Honda,civic,6500,115000,facebook.com/marketplace/item/225882566868871/?ref=search&referral_code=null&referral_story_type=post&__tn__=!%3AD
Toronto,ON,2008,Honda,civic,6500,180000,facebook.com/marketplace/item/826424438360745/?ref=search&referral_code=null&referral_story_type=post&__tn__=!%3AD
Brampton,ON,2015,Honda,civic,15500,91000,facebook.com/marketplace/item/946457323361353/?ref=search&referral_code=null&referral_story_type=post&__tn__=!%3AD
Toronto,ON,2007,Honda,civic,5900,171000,facebook.com/marketplace/item/789404532844626/?ref=search&referral_code=null&referral_story_type=post&__tn__=!%3AD
Ajax,ON,2013,Honda,civic,10999,195000,facebook.com/marketplace/item/1048668346114790/?ref=search&referral_code=null&referral_story_type=post&__tn__=!%3AD
Mississauga,ON,2009,Honda,civic,7000,183000,facebook.com/marketplace/item/280523291090607/?ref=search&referral_code=null&referral_story_type=post&__tn__=!%3AD
Mississauga,ON,2017,Honda,civic,20000,146000,facebook.com/marketplace/item/206991895603668/?ref=search&referral_code=null&referral_story_type=post&__tn__=!%3AD
Brampton,ON,2012,Honda,civic,8999,190000,facebook.com/marketplace/item/252685850688831/?ref=search&referral_code=null&referral_story_type=post&__tn__=!%3AD
Toronto,ON,2006,Honda,civic,4500,180000,facebook.com/marketplace/item/794839702108401/?ref=search&referral_code=null&referral_story_type=post&__tn__=!%3AD
Mississauga,ON,2010,Honda,civic,6000,180000,facebook.com/marketplace/item/564828659132307/?ref=search&referral_code=null&referral_story_type=post&__tn__=!%3AD
Toronto,ON,2012,Honda,civic,14999,91000,facebook.com/marketplace/item/1287672748834832/?ref=search&referral_code=null&referral_story_type=post&__tn__=!%3AD
Toronto,ON,2009,Honda,civic,3800,198000,facebook.com/marketplace/item/3551962301714217/?ref=search&referral_code=null&referral_story_type=post&__tn__=!%3AD
Vaughan,ON,2016,Honda,civic,14000,120000,facebook.com/marketplace/item/277731237983090/?ref=search&referral_code=null&referral_story_type=post&__tn__=!%3AD
Markham,ON,2014,Honda,civic,12700,151000,facebook.com/marketplace/item/561664355906439/?ref=search&referral_code=null&referral_story_type=post&__tn__=!%3AD
Toronto,ON,2010,Honda,civic,7800,155000,facebook.com/marketplace/item/1498132630929822/?ref=search&referral_code=null&referral_story_type=post&__tn__=!%3AD
Brampton,ON,2003,Honda,civic,3800,167000,facebook.com/marketplace/item/2244286882440751/?ref=search&referral_code=null&referral_story_type=post&__tn__=!%3AD
Toronto,ON,2006,Honda,civic,4900,180000,facebook.com/marketplace/item/217587444460777/?ref=search&referral_code=null&referral_story_type=post&__tn__=!%3AD
Toronto,ON,2010,Honda,civic,4900,184000,facebook.com/marketplace/item/1215511238963956/?ref=search&referral_code=null&referral_story_type=post&__tn__=!%3AD
Toronto,ON,2012,Honda,civic,8800,193000,facebook.com/marketplace/item/3518428195040552/?ref=search&referral_code=null&referral_story_type=post&__tn__=!%3AD
Toronto,ON,2007,Honda,civic,6500,161000,facebook.com/marketplace/item/570450688574917/?ref=search&referral_code=null&referral_story_type=post&__tn__=!%3AD
Toronto,ON,2018,Honda,civic,17000,100000,facebook.com/marketplace/item/790210899171829/?ref=search&referral_code=null&referral_story_type=post&__tn__=!%3AD
Toronto,ON,2012,Honda,civic,8500,199000,facebook.com/marketplace/item/3138413669795328/?ref=search&referral_code=null&referral_story_type=post&__tn__=!%3AD
Toronto,ON,2013,Honda,civic,12888,179000,facebook.com/marketplace/item/826889029310782/?ref=search&referral_code=null&referral_story_type=post&__tn__=!%3AD
Toronto,ON,2010,Honda,civic,9000,95000,facebook.com/marketplace/item/222533597229677/?ref=search&referral_code=null&referral_story_type=post&__tn__=!%3AD
Mississauga,ON,2009,Honda,civic,6000,173000,facebook.com/marketplace/item/1680627829025485/?ref=search&referral_code=null&referral_story_type=post&__tn__=!%3AD
Mississauga,ON,2009,Honda,civic,9699,156000,facebook.com/marketplace/item/1427355688064694/?ref=search&referral_code=null&referral_story_type=post&__tn__=!%3AD
Toronto,ON,2015,Honda,civic,14000,199000,facebook.com/marketplace/item/2026100267734555/?ref=search&referral_code=null&referral_story_type=post&__tn__=!%3AD
Mississauga,ON,2016,Honda,civic,23000,68000,facebook.com/marketplace/item/173893178701204/?ref=search&referral_code=null&referral_story_type=post&__tn__=!%3AD
Markham,ON,2013,Honda,civic,13000,125000,facebook.com/marketplace/item/1353233631902872/?ref=search&referral_code=null&referral_story_type=post&__tn__=!%3AD
Markham,ON,2009,Honda,civic,9000,195000,facebook.com/marketplace/item/920081679222800/?ref=search&referral_code=null&referral_story_type=post&__tn__=!%3AD
Toronto,ON,2017,Honda,civic,21900,142000,facebook.com/marketplace/item/282516087513334/?ref=search&referral_code=null&referral_story_type=post&__tn__=!%3AD
Brampton,ON,2006,Honda,civic,6000,190000,facebook.com/marketplace/item/955664849082384/?ref=search&referral_code=null&referral_story_type=post&__tn__=!%3AD
Brampton,ON,2007,Honda,civic,7500,134000,facebook.com/marketplace/item/1475374999903732/?ref=search&referral_code=null&referral_story_type=post&__tn__=!%3AD
Markham,ON,2009,Honda,civic,8300,168000,facebook.com/marketplace/item/238341942141175/?ref=search&referral_code=null&referral_story_type=post&__tn__=!%3AD
Markham,ON,2013,Honda,civic,12999,126000,facebook.com/marketplace/item/724978829383580/?ref=search&referral_code=null&referral_story_type=post&__tn__=!%3AD
Mississauga,ON,2010,Honda,civic,9495,137000,facebook.com/marketplace/item/809527723956535/?ref=search&referral_code=null&referral_story_type=post&__tn__=!%3AD
Mississauga,ON,2009,Honda,civic,10450,118000,facebook.com/marketplace/item/6229285803785233/?ref=search&referral_code=null&referral_story_type=post&__tn__=!%3AD
Brampton,ON,2009,Honda,civic,7900,180000,facebook.com/marketplace/item/795658318800946/?ref=search&referral_code=null&referral_story_type=post&__tn__=!%3AD
Toronto,ON,2009,Honda,civic,6999,180000,facebook.com/marketplace/item/6177439532372069/?ref=search&referral_code=null&referral_story_type=post&__tn__=!%3AD
Hamilton,ON,2005,Honda,civic,4500,192000,facebook.com/marketplace/item/537686991721582/?ref=search&referral_code=null&referral_story_type=post&__tn__=!%3AD
Brampton,ON,2016,Honda,civic,16999,168000,facebook.com/marketplace/item/209725528663097/?ref=search&referral_code=null&referral_story_type=post&__tn__=!%3AD
Mississauga,ON,2010,Honda,civic,11450,144000,facebook.com/marketplace/item/785523903237098/?ref=search&referral_code=null&referral_story_type=post&__tn__=!%3AD
Mississauga,ON,2016,Honda,civic,19999,122000,facebook.com/marketplace/item/1224903218228900/?ref=search&referral_code=null&referral_story_type=post&__tn__=!%3AD
Markham,ON,2012,Honda,civic,2500,100000,facebook.com/marketplace/item/1909159876127260/?ref=search&referral_code=null&referral_story_type=post&__tn__=!%3AD
Toronto,ON,2012,Honda,civic,10000,139000,facebook.com/marketplace/item/673547621266058/?ref=search&referral_code=null&referral_story_type=post&__tn__=!%3AD
Brampton,ON,2014,Honda,civic,13999,187000,facebook.com/marketplace/item/940261477089681/?ref=search&referral_code=null&referral_story_type=post&__tn__=!%3AD
Burlington,ON,2018,Honda,civic,20759,116000,facebook.com/marketplace/item/810237180754017/?ref=search&referral_code=null&referral_story_type=post&__tn__=!%3AD
Brampton,ON,2010,Honda,civic,8200,194000,facebook.com/marketplace/item/851556743176933/?ref=search&referral_code=null&referral_story_type=post&__tn__=!%3AD
Whitby,ON,2016,Honda,civic,16500,159000,facebook.com/marketplace/item/3239841752983737/?ref=search&referral_code=null&referral_story_type=post&__tn__=!%3AD
Hamilton,ON,2007,Honda,civic,8500,120000,facebook.com/marketplace/item/193385926599286/?ref=search&referral_code=null&referral_story_type=post&__tn__=!%3AD
Mississauga,ON,2005,Honda,civic,7995,156000,facebook.com/marketplace/item/909331963494435/?ref=search&referral_code=null&referral_story_type=post&__tn__=!%3AD
Georgina,ON,2012,Honda,civic,11800,124000,facebook.com/marketplace/item/2420532008126052/?ref=search&referral_code=null&referral_story_type=post&__tn__=!%3AD
Ajax,ON,2018,Honda,civic,18900,83000,facebook.com/marketplace/item/122858717490771/?ref=search&referral_code=null&referral_story_type=post&__tn__=!%3AD
Mississauga,ON,2016,Honda,civic,16200,165000,facebook.com/marketplace/item/1325236211410019/?ref=search&referral_code=null&referral_story_type=post&__tn__=!%3AD
Toronto,ON,2018,Honda,civic,19499,73000,facebook.com/marketplace/item/208809965324879/?ref=search&referral_code=null&referral_story_type=post&__tn__=!%3AD
Brampton,ON,2012,Honda,civic,12999,110000,facebook.com/marketplace/item/140120075736950/?ref=search&referral_code=null&referral_story_type=post&__tn__=!%3AD
Vaughan,ON,2008,Honda,civic,6000,177000,facebook.com/marketplace/item/1400866210678237/?ref=search&referral_code=null&referral_story_type=post&__tn__=!%3AD
Brampton,ON,2019,Honda,civic,22500,130000,facebook.com/marketplace/item/593005805975214/?ref=search&referral_code=null&referral_story_type=post&__tn__=!%3AD
Toronto,ON,2012,Honda,civic,11990,149000,facebook.com/marketplace/item/1462500797830782/?ref=search&referral_code=null&referral_story_type=post&__tn__=!%3AD
Toronto,ON,2017,Honda,civic,19998,159000,facebook.com/marketplace/item/573250001555729/?ref=search&referral_code=null&referral_story_type=post&__tn__=!%3AD
Toronto,ON,2017,Honda,civic,15888,178000,facebook.com/marketplace/item/1388315538420903/?ref=search&referral_code=null&referral_story_type=post&__tn__=!%3AD
Toronto,ON,2014,Honda,civic,16990,76000,facebook.com/marketplace/item/672078831625639/?ref=search&referral_code=null&referral_story_type=post&__tn__=!%3AD
Toronto,ON,2008,Honda,civic,9000,140000,facebook.com/marketplace/item/218892677615844/?ref=search&referral_code=null&referral_story_type=post&__tn__=!%3AD
Pickering,ON,2018,Honda,civic,22000,115000,facebook.com/marketplace/item/1349129755643617/?ref=search&referral_code=null&referral_story_type=post&__tn__=!%3AD
Dupuy,QC,2002,Honda,civic,1300,184000,facebook.com/marketplace/item/641487171338054/?ref=search&referral_code=null&referral_story_type=post&__tn__=!%3AD
Greater Sudbury,ON,2012,Honda,civic,2500,100000,facebook.com/marketplace/item/1587442378411582/?ref=search&referral_code=null&referral_story_type=post&__tn__=!%3AD
Oshawa,ON,2018,Honda,civic,14000,132000,facebook.com/marketplace/item/1368211313740617/?ref=search&referral_code=null&referral_story_type=post&__tn__=!%3AD
Toronto,ON,2018,Honda,civic,25800,94000,facebook.com/marketplace/item/966495984473869/?ref=search&referral_code=null&referral_story_type=post&__tn__=!%3AD
Oshawa,ON,2016,Honda,civic,14400,195000,facebook.com/marketplace/item/497243079212279/?ref=search&referral_code=null&referral_story_type=post&__tn__=!%3AD
Waterloo,ON,2018,Honda,civic,6000,140000,facebook.com/marketplace/item/110627712043511/?ref=search&referral_code=null&referral_story_type=post&__tn__=!%3AD
Barrie,ON,2019,Honda,civic,20999,105000,facebook.com/marketplace/item/6173772456038927/?ref=search&referral_code=null&referral_story_type=post&__tn__=!%3AD
Kingston,ON,2010,Honda,civic,9500,138000,facebook.com/marketplace/item/185870134438179/?ref=search&referral_code=null&referral_story_type=post&__tn__=!%3AD
North Bay,ON,2016,Honda,civic,17500,106000,facebook.com/marketplace/item/6191009791005975/?ref=search&referral_code=null&referral_story_type=post&__tn__=!%3AD
Barrie,ON,2009,Honda,civic,8495,179000,facebook.com/marketplace/item/288232620213021/?ref=search&referral_code=null&referral_story_type=post&__tn__=!%3AD
Owen Sound,ON,2003,Honda,civic,4500,199000,facebook.com/marketplace/item/1398902770963855/?ref=search&referral_code=null&referral_story_type=post&__tn__=!%3AD
Greater Sudbury,ON,2016,Honda,civic,22000,115000,facebook.com/marketplace/item/789465009495409/?ref=search&referral_code=null&referral_story_type=post&__tn__=!%3AD
Kitchener,ON,2012,Honda,civic,13000,137000,facebook.com/marketplace/item/741478897664718/?ref=search&referral_code=null&referral_story_type=post&__tn__=!%3AD
Toronto,ON,2007,Honda,civic,7000,163000,facebook.com/marketplace/item/668752458385833/?ref=search&referral_code=null&referral_story_type=post&__tn__=!%3AD
Brampton,ON,2007,Honda,civic,4500,200000,facebook.com/marketplace/item/772345921033082/?ref=search&referral_code=null&referral_story_type=post&__tn__=!%3AD
Brampton,ON,2016,Honda,civic,22000,136000,facebook.com/marketplace/item/569545582051443/?ref=search&referral_code=null&referral_story_type=post&__tn__=!%3AD
Thunder Bay,ON,2018,Honda,civic,25995,96000,facebook.com/marketplace/item/622885976444781/?ref=search&referral_code=null&referral_story_type=post&__tn__=!%3AD
Winnipeg,MB,2013,Honda,civic,15750,115000,facebook.com/marketplace/item/773158621139819/?ref=search&referral_code=null&referral_story_type=post&__tn__=!%3AD
Winnipeg,MB,2017,Honda,civic,22900,194000,facebook.com/marketplace/item/1015505672666885/?ref=search&referral_code=null&referral_story_type=post&__tn__=!%3AD
Winnipeg,MB,2003,Honda,civic,4800,178000,facebook.com/marketplace/item/270332895518439/?ref=search&referral_code=null&referral_story_type=post&__tn__=!%3AD
Winnipeg,MB,2016,Honda,civic,15500,113000,facebook.com/marketplace/item/212985714916655/?ref=search&referral_code=null&referral_story_type=post&__tn__=!%3AD
Winnipeg,MB,2003,Honda,civic,5999,190000,facebook.com/marketplace/item/6802419233118889/?ref=search&referral_code=null&referral_story_type=post&__tn__=!%3AD
Winnipeg,MB,2017,Honda,civic,24000,78000,facebook.com/marketplace/item/825528385175672/?ref=search&referral_code=null&referral_story_type=post&__tn__=!%3AD
Winnipeg,MB,2008,Honda,civic,8800,177000,facebook.com/marketplace/item/1318149119059110/?ref=search&referral_code=null&referral_story_type=post&__tn__=!%3AD
Winnipeg,MB,2017,Honda,civic,17800,100000,facebook.com/marketplace/item/787150256093540/?ref=search&referral_code=null&referral_story_type=post&__tn__=!%3AD
Winnipeg,MB,2017,Honda,civic,18000,146000,facebook.com/marketplace/item/961502525303586/?ref=search&referral_code=null&referral_story_type=post&__tn__=!%3AD
Winnipeg,MB,2007,Honda,civic,10000,181000,facebook.com/marketplace/item/1722736171484877/?ref=search&referral_code=null&referral_story_type=post&__tn__=!%3AD
Winnipeg,MB,2019,Honda,civic,21950,77000,facebook.com/marketplace/item/2466734343502183/?ref=search&referral_code=null&referral_story_type=post&__tn__=!%3AD
West St Paul,MB,2008,Honda,civic,8500,168000,facebook.com/marketplace/item/643742837258096/?ref=search&referral_code=null&referral_story_type=post&__tn__=!%3AD
Winnipeg,MB,2009,Honda,civic,8900,151000,facebook.com/marketplace/item/299196455861046/?ref=search&referral_code=null&referral_story_type=post&__tn__=!%3AD
Winnipeg,MB,2007,Honda,civic,10500,180000,facebook.com/marketplace/item/3138964496397605/?ref=search&referral_code=null&referral_story_type=post&__tn__=!%3AD
Winnipeg,MB,2008,Honda,civic,8999,184000,facebook.com/marketplace/item/618573443564514/?ref=search&referral_code=null&referral_story_type=post&__tn__=!%3AD
Winnipeg,MB,2008,Honda,civic,10000,189000,facebook.com/marketplace/item/173340538767464/?ref=search&referral_code=null&referral_story_type=post&__tn__=!%3AD
Winnipeg,MB,2015,Honda,civic,15500,92000,facebook.com/marketplace/item/633787758371572/?ref=search&referral_code=null&referral_story_type=post&__tn__=!%3AD
Winnipeg,MB,2015,Honda,civic,15900,177000,facebook.com/marketplace/item/275735354989535/?ref=search&referral_code=null&referral_story_type=post&__tn__=!%3AD
Winnipeg,MB,2000,Honda,civic,1500,123000,facebook.com/marketplace/item/636906371365904/?ref=search&referral_code=null&referral_story_type=post&__tn__=!%3AD
Winnipeg,MB,2015,Honda,civic,18585,94000,facebook.com/marketplace/item/5866687606771206/?ref=search&referral_code=null&referral_story_type=post&__tn__=!%3AD
Winnipeg,MB,2018,Honda,civic,24000,104000,facebook.com/marketplace/item/1006572037189469/?ref=search&referral_code=null&referral_story_type=post&__tn__=!%3AD
Winnipeg,MB,2012,Honda,civic,16000,181000,facebook.com/marketplace/item/1305345153395222/?ref=search&referral_code=null&referral_story_type=post&__tn__=!%3AD
Winnipeg,MB,2018,Honda,civic,20900,54000,facebook.com/marketplace/item/786022166395304/?ref=search&referral_code=null&referral_story_type=post&__tn__=!%3AD
Winnipeg,MB,2016,Honda,civic,24999,75000,facebook.com/marketplace/item/1020257485821442/?ref=search&referral_code=null&referral_story_type=post&__tn__=!%3AD
Brokenhead,MB,2012,Honda,civic,10000,188000,facebook.com/marketplace/item/803540197591587/?ref=search&referral_code=null&referral_story_type=post&__tn__=!%3AD
Winnipeg,MB,2017,Honda,civic,27995,70000,facebook.com/marketplace/item/758259836040084/?ref=search&referral_code=null&referral_story_type=post&__tn__=!%3AD
Winnipeg,MB,2020,Honda,civic,28505,60000,facebook.com/marketplace/item/1749477192121920/?ref=search&referral_code=null&referral_story_type=post&__tn__=!%3AD
Winnipeg,MB,2017,Honda,civic,27995,70000,facebook.com/marketplace/item/809641387217512/?ref=search&referral_code=null&referral_story_type=post&__tn__=!%3AD
Winnipeg,MB,2017,Honda,civic,27995,70000,facebook.com/marketplace/item/824922365854271/?ref=search&referral_code=null&referral_story_type=post&__tn__=!%3AD
Winnipeg,MB,2016,Honda,civic,22990,67000,facebook.com/marketplace/item/1192535275480496/?ref=search&referral_code=null&referral_story_type=post&__tn__=!%3AD
Regina,SK,2008,Honda,civic,9500,167000,facebook.com/marketplace/item/636711931360318/?ref=search&referral_code=null&referral_story_type=post&__tn__=!%3AD
Regina,SK,2007,Honda,civic,8500,149000,facebook.com/marketplace/item/217600577709449/?ref=search&referral_code=null&referral_story_type=post&__tn__=!%3AD
Regina,SK,2015,Honda,civic,16000,159000,facebook.com/marketplace/item/274751384917066/?ref=search&referral_code=null&referral_story_type=post&__tn__=!%3AD
Regina,SK,2009,Honda,civic,12900,165000,facebook.com/marketplace/item/247849714522627/?ref=search&referral_code=null&referral_story_type=post&__tn__=!%3AD
Saskatoon,SK,2014,Honda,civic,16900,127000,facebook.com/marketplace/item/523183609881458/?ref=search&referral_code=null&referral_story_type=post&__tn__=!%3AD
Saskatoon,SK,2010,Honda,civic,8500,139000,facebook.com/marketplace/item/775651881015379/?ref=search&referral_code=null&referral_story_type=post&__tn__=!%3AD
Saskatoon,SK,2012,Honda,civic,11700,146000,facebook.com/marketplace/item/793413075523842/?ref=search&referral_code=null&referral_story_type=post&__tn__=!%3AD
Saskatoon,SK,2012,Honda,civic,15000,90000,facebook.com/marketplace/item/964775258169562/?ref=search&referral_code=null&referral_story_type=post&__tn__=!%3AD
Saskatoon,SK,2015,Honda,civic,18500,177000,facebook.com/marketplace/item/264537629579798/?ref=search&referral_code=null&referral_story_type=post&__tn__=!%3AD
Saskatoon,SK,2013,Honda,civic,16500,163000,facebook.com/marketplace/item/749970416908086/?ref=search&referral_code=null&referral_story_type=post&__tn__=!%3AD
Saskatoon,SK,2017,Honda,civic,25995,83000,facebook.com/marketplace/item/1578153662967225/?ref=search&referral_code=null&referral_story_type=post&__tn__=!%3AD
Saskatoon,SK,2002,Honda,civic,10995,119000,facebook.com/marketplace/item/3086766591628401/?ref=search&referral_code=null&referral_story_type=post&__tn__=!%3AD
Winnipeg,MB,2017,Honda,civic,27995,70000,facebook.com/marketplace/item/995247705249199/?ref=search&referral_code=null&referral_story_type=post&__tn__=!%3AD
Calgary,AB,2009,Honda,civic,11999,113000,facebook.com/marketplace/item/6224718577576447/?ref=search&referral_code=null&referral_story_type=post&__tn__=!%3AD
Calgary,AB,2008,Honda,civic,9900,172000,facebook.com/marketplace/item/649650553187034/?ref=search&referral_code=null&referral_story_type=post&__tn__=!%3AD
Calgary,AB,2016,Honda,civic,18500,135000,facebook.com/marketplace/item/1282102499365765/?ref=search&referral_code=null&referral_story_type=post&__tn__=!%3AD
Calgary,AB,2010,Honda,civic,12500,148000,facebook.com/marketplace/item/210050011851703/?ref=search&referral_code=null&referral_story_type=post&__tn__=!%3AD
Calgary,AB,2013,Honda,civic,18900,67000,facebook.com/marketplace/item/146508588433401/?ref=search&referral_code=null&referral_story_type=post&__tn__=!%3AD
Calgary,AB,2008,Honda,civic,8990,189000,facebook.com/marketplace/item/768853241542526/?ref=search&referral_code=null&referral_story_type=post&__tn__=!%3AD
Calgary,AB,2020,Honda,civic,23500,51000,facebook.com/marketplace/item/1636120780202411/?ref=search&referral_code=null&referral_story_type=post&__tn__=!%3AD
Calgary,AB,2013,Honda,civic,3500,145000,facebook.com/marketplace/item/937981044079050/?ref=search&referral_code=null&referral_story_type=post&__tn__=!%3AD
Calgary,AB,2008,Honda,civic,8500,164000,facebook.com/marketplace/item/276167471551452/?ref=search&referral_code=null&referral_story_type=post&__tn__=!%3AD
Calgary,AB,2015,Honda,civic,17000,124000,facebook.com/marketplace/item/5802366436532145/?ref=search&referral_code=null&referral_story_type=post&__tn__=!%3AD
Calgary,AB,2012,Honda,civic,11450,171000,facebook.com/marketplace/item/1251611915745282/?ref=search&referral_code=null&referral_story_type=post&__tn__=!%3AD
Calgary,AB,2012,Honda,civic,17900,97000,facebook.com/marketplace/item/1301307827155217/?ref=search&referral_code=null&referral_story_type=post&__tn__=!%3AD
Calgary,AB,2009,Honda,civic,8800,182000,facebook.com/marketplace/item/1818564201872024/?ref=search&referral_code=null&referral_story_type=post&__tn__=!%3AD
Calgary,AB,2013,Honda,civic,16000,115000,facebook.com/marketplace/item/197874439880194/?ref=search&referral_code=null&referral_story_type=post&__tn__=!%3AD
Calgary,AB,2015,Honda,civic,15700,53000,facebook.com/marketplace/item/979145379898987/?ref=search&referral_code=null&referral_story_type=post&__tn__=!%3AD
Calgary,AB,2011,Honda,civic,8500,198000,facebook.com/marketplace/item/161433423574791/?ref=search&referral_code=null&referral_story_type=post&__tn__=!%3AD
Calgary,AB,2012,Honda,civic,13000,135000,facebook.com/marketplace/item/270594432020538/?ref=search&referral_code=null&referral_story_type=post&__tn__=!%3AD
Calgary,AB,2013,Honda,civic,18900,67000,facebook.com/marketplace/item/803417414695403/?ref=search&referral_code=null&referral_story_type=post&__tn__=!%3AD
Calgary,AB,2012,Honda,civic,11450,171000,facebook.com/marketplace/item/1038864530831217/?ref=search&referral_code=null&referral_story_type=post&__tn__=!%3AD
Calgary,AB,2016,Honda,civic,18700,87000,facebook.com/marketplace/item/1199707780694307/?ref=search&referral_code=null&referral_story_type=post&__tn__=!%3AD
Calgary,AB,2015,Honda,civic,25888,86000,facebook.com/marketplace/item/669101111712785/?ref=search&referral_code=null&referral_story_type=post&__tn__=!%3AD
Calgary,AB,2017,Honda,civic,24488,71000,facebook.com/marketplace/item/640084384338750/?ref=search&referral_code=null&referral_story_type=post&__tn__=!%3AD
Calgary,AB,2013,Honda,civic,14950,172000,facebook.com/marketplace/item/620214606702040/?ref=search&referral_code=null&referral_story_type=post&__tn__=!%3AD
Calgary,AB,2016,Honda,civic,26999,96000,facebook.com/marketplace/item/1524450778351432/?ref=search&referral_code=null&referral_story_type=post&__tn__=!%3AD
Calgary,AB,2012,Honda,civic,8500,185000,facebook.com/marketplace/item/1618098588661927/?ref=search&referral_code=null&referral_story_type=post&__tn__=!%3AD
Calgary,AB,2015,Honda,civic,19999,160000,facebook.com/marketplace/item/1066286690999483/?ref=search&referral_code=null&referral_story_type=post&__tn__=!%3AD
Calgary,AB,2015,Honda,civic,22995,80000,facebook.com/marketplace/item/959171338618823/?ref=search&referral_code=null&referral_story_type=post&__tn__=!%3AD
Calgary,AB,2012,Honda,civic,12700,133000,facebook.com/marketplace/item/565667372155360/?ref=search&referral_code=null&referral_story_type=post&__tn__=!%3AD
Calgary,AB,2012,Honda,civic,13500,151000,facebook.com/marketplace/item/611505367710868/?ref=search&referral_code=null&referral_story_type=post&__tn__=!%3AD
Calgary,AB,2018,Honda,civic,25999,81000,facebook.com/marketplace/item/262555553103086/?ref=search&referral_code=null&referral_story_type=post&__tn__=!%3AD
Calgary,AB,2016,Honda,civic,20999,144000,facebook.com/marketplace/item/197644679446884/?ref=search&referral_code=null&referral_story_type=post&__tn__=!%3AD
Strathcona County,AB,2011,Honda,civic,14900,76000,facebook.com/marketplace/item/274113525106287/?ref=search&referral_code=null&referral_story_type=post&__tn__=!%3AD
Edmonton,AB,2012,Honda,civic,14500,70000,facebook.com/marketplace/item/214029304342763/?ref=search&referral_code=null&referral_story_type=post&__tn__=!%3AD
Red Deer,AB,2011,Honda,civic,10500,167000,facebook.com/marketplace/item/268089519029291/?ref=search&referral_code=null&referral_story_type=post&__tn__=!%3AD
Edmonton,AB,2010,Honda,civic,2500,200000,facebook.com/marketplace/item/267293379301281/?ref=search&referral_code=null&referral_story_type=post&__tn__=!%3AD
Edmonton,AB,2014,Honda,civic,17000,126000,facebook.com/marketplace/item/314592507561055/?ref=search&referral_code=null&referral_story_type=post&__tn__=!%3AD
Edmonton,AB,2014,Honda,civic,17000,116000,facebook.com/marketplace/item/918969202530186/?ref=search&referral_code=null&referral_story_type=post&__tn__=!%3AD
Edmonton,AB,2008,Honda,civic,9000,177000,facebook.com/marketplace/item/726802902780625/?ref=search&referral_code=null&referral_story_type=post&__tn__=!%3AD
Edmonton,AB,2004,Honda,civic,7000,192000,facebook.com/marketplace/item/1005892563748849/?ref=search&referral_code=null&referral_story_type=post&__tn__=!%3AD
Edmonton,AB,2012,Honda,civic,12900,188000,facebook.com/marketplace/item/6291290320955203/?ref=search&referral_code=null&referral_story_type=post&__tn__=!%3AD
Kamloops,BC,2014,Honda,civic,9000,197000,facebook.com/marketplace/item/1954728488211315/?ref=search&referral_code=null&referral_story_type=post&__tn__=!%3AD
Vancouver,BC,2003,Honda,civic,1500,100000,facebook.com/marketplace/item/1453305065205269/?ref=search&referral_code=null&referral_story_type=post&__tn__=!%3AD
Vancouver,BC,2014,Honda,civic,16000,136000,facebook.com/marketplace/item/949920262910674/?ref=search&referral_code=null&referral_story_type=post&__tn__=!%3AD
Vancouver,BC,2013,Honda,civic,12399,158000,facebook.com/marketplace/item/797355325441615/?ref=search&referral_code=null&referral_story_type=post&__tn__=!%3AD
Vancouver,BC,2009,Honda,civic,8999,140000,facebook.com/marketplace/item/809107877597008/?ref=search&referral_code=null&referral_story_type=post&__tn__=!%3AD
Richmond,BC,2012,Honda,civic,14000,130000,facebook.com/marketplace/item/298019432560895/?ref=search&referral_code=null&referral_story_type=post&__tn__=!%3AD
Burnaby,BC,2006,Honda,civic,8995,101000,facebook.com/marketplace/item/6400486703344936/?ref=search&referral_code=null&referral_story_type=post&__tn__=!%3AD
Vancouver,BC,2007,Honda,civic,7500,185000,facebook.com/marketplace/item/211186555144208/?ref=search&referral_code=null&referral_story_type=post&__tn__=!%3AD
New Westminster,BC,2005,Honda,civic,6700,191000,facebook.com/marketplace/item/178800381821576/?ref=search&referral_code=null&referral_story_type=post&__tn__=!%3AD
Vancouver,BC,2015,Honda,civic,16800,146000,facebook.com/marketplace/item/1674391996374557/?ref=search&referral_code=null&referral_story_type=post&__tn__=!%3AD
Vancouver,BC,2012,Honda,civic,15995,108000,facebook.com/marketplace/item/219045624305770/?ref=search&referral_code=null&referral_story_type=post&__tn__=!%3AD
Burnaby,BC,2017,Honda,civic,19488,80000,facebook.com/marketplace/item/799076164843442/?ref=search&referral_code=null&referral_story_type=post&__tn__=!%3AD
New Westminster,BC,2012,Honda,civic,11200,136000,facebook.com/marketplace/item/785688039728663/?ref=search&referral_code=null&referral_story_type=post&__tn__=!%3AD
Surrey,BC,2004,Honda,civic,5500,132000,facebook.com/marketplace/item/949974956292242/?ref=search&referral_code=null&referral_story_type=post&__tn__=!%3AD
Surrey,BC,2013,Honda,civic,13900,192000,facebook.com/marketplace/item/1962173557495271/?ref=search&referral_code=null&referral_story_type=post&__tn__=!%3AD
Surrey,BC,2008,Honda,civic,9888,195000,facebook.com/marketplace/item/761828189058423/?ref=search&referral_code=null&referral_story_type=post&__tn__=!%3AD
Vancouver,BC,2010,Honda,civic,9500,144000,facebook.com/marketplace/item/278557447975136/?ref=search&referral_code=null&referral_story_type=post&__tn__=!%3AD
Delta,BC,2014,Honda,civic,16250,99000,facebook.com/marketplace/item/1196012104430566/?ref=search&referral_code=null&referral_story_type=post&__tn__=!%3AD
New Westminster,BC,2014,Honda,civic,11300,172000,facebook.com/marketplace/item/3393868667594165/?ref=search&referral_code=null&referral_story_type=post&__tn__=!%3AD
Surrey,BC,2007,Honda,civic,7000,200000,facebook.com/marketplace/item/917400299341339/?ref=search&referral_code=null&referral_story_type=post&__tn__=!%3AD
Richmond,BC,2014,Honda,civic,16900,132000,facebook.com/marketplace/item/655018149823105/?ref=search&referral_code=null&referral_story_type=post&__tn__=!%3AD
Surrey,BC,2002,Honda,civic,3950,187000,facebook.com/marketplace/item/952670992668205/?ref=search&referral_code=null&referral_story_type=post&__tn__=!%3AD
Surrey,BC,2016,Honda,civic,18499,149000,facebook.com/marketplace/item/3538702629731145/?ref=search&referral_code=null&referral_story_type=post&__tn__=!%3AD
Richmond,BC,2008,Honda,civic,8000,199000,facebook.com/marketplace/item/302363262122450/?ref=search&referral_code=null&referral_story_type=post&__tn__=!%3AD
Surrey,BC,2015,Honda,civic,14899,105000,facebook.com/marketplace/item/269423325589820/?ref=search&referral_code=null&referral_story_type=post&__tn__=!%3AD
Surrey,BC,2016,Honda,civic,21300,87000,facebook.com/marketplace/item/562139506117342/?ref=search&referral_code=null&referral_story_type=post&__tn__=!%3AD
Richmond,BC,2012,Honda,civic,14800,95000,facebook.com/marketplace/item/1288556551765676/?ref=search&referral_code=null&referral_story_type=post&__tn__=!%3AD
Surrey,BC,2017,Honda,civic,22000,137000,facebook.com/marketplace/item/642030830806680/?ref=search&referral_code=null&referral_story_type=post&__tn__=!%3AD
Surrey,BC,2012,Honda,civic,10950,183000,facebook.com/marketplace/item/240207388627986/?ref=search&referral_code=null&referral_story_type=post&__tn__=!%3AD
Surrey,BC,2010,Honda,civic,12500,157000,facebook.com/marketplace/item/261138713256346/?ref=search&referral_code=null&referral_story_type=post&__tn__=!%3AD
Surrey,BC,2004,Honda,civic,5500,176000,facebook.com/marketplace/item/107150835726542/?ref=search&referral_code=null&referral_story_type=post&__tn__=!%3AD
Richmond,BC,2015,Honda,civic,16800,146000,facebook.com/marketplace/item/240891405246162/?ref=search&referral_code=null&referral_story_type=post&__tn__=!%3AD
Richmond,BC,2013,Honda,civic,9700,190000,facebook.com/marketplace/item/1005102543981376/?ref=search&referral_code=null&referral_story_type=post&__tn__=!%3AD
New Westminster,BC,2016,Honda,civic,20895,132000,facebook.com/marketplace/item/3164414247186371/?ref=search&referral_code=null&referral_story_type=post&__tn__=!%3AD
Surrey,BC,2017,Honda,civic,16989,166000,facebook.com/marketplace/item/276520381426870/?ref=search&referral_code=null&referral_story_type=post&__tn__=!%3AD
Parksville,BC,2008,Honda,civic,8400,178000,facebook.com/marketplace/item/3423060694621894/?ref=search&referral_code=null&referral_story_type=post&__tn__=!%3AD
North Vancouver,BC,2015,Honda,civic,20995,131000,facebook.com/marketplace/item/23992373907028712/?ref=search&referral_code=null&referral_story_type=post&__tn__=!%3AD
Coquitlam,BC,2016,Honda,civic,20499,128000,facebook.com/marketplace/item/787852306075625/?ref=search&referral_code=null&referral_story_type=post&__tn__=!%3AD
Surrey,BC,2006,Honda,civic,8799,139000,facebook.com/marketplace/item/3628269134126905/?ref=search&referral_code=null&referral_story_type=post&__tn__=!%3AD
Surrey,BC,2016,Honda,civic,20997,58000,facebook.com/marketplace/item/231711599615162/?ref=search&referral_code=null&referral_story_type=post&__tn__=!%3AD
Langley,BC,2018,Honda,civic,29850,94000,facebook.com/marketplace/item/217945007730287/?ref=search&referral_code=null&referral_story_type=post&__tn__=!%3AD
Richmond,BC,2012,Honda,civic,15399,95000,facebook.com/marketplace/item/633871855436817/?ref=search&referral_code=null&referral_story_type=post&__tn__=!%3AD
New Westminster,BC,2019,Honda,civic,17990,94000,facebook.com/marketplace/item/798235988275316/?ref=search&referral_code=null&referral_story_type=post&__tn__=!%3AD
Coquitlam,BC,2014,Honda,civic,20000,70000,facebook.com/marketplace/item/6299760623437833/?ref=search&referral_code=null&referral_story_type=post&__tn__=!%3AD
Surrey,BC,2006,Honda,civic,6500,192000,facebook.com/marketplace/item/793335559041319/?ref=search&referral_code=null&referral_story_type=post&__tn__=!%3AD
Surrey,BC,2014,Honda,civic,16899,132000,facebook.com/marketplace/item/1114999312606400/?ref=search&referral_code=null&referral_story_type=post&__tn__=!%3AD
Langley,BC,2001,Honda,civic,3900,153000,facebook.com/marketplace/item/1271587260125919/?ref=search&referral_code=null&referral_story_type=post&__tn__=!%3AD
Vancouver,BC,2017,Honda,civic,27995,52000,facebook.com/marketplace/item/1305781527021832/?ref=search&referral_code=null&referral_story_type=post&__tn__=!%3AD
Vancouver,BC,2016,Honda,civic,23888,102000,facebook.com/marketplace/item/484475217177138/?ref=search&referral_code=null&referral_story_type=post&__tn__=!%3AD
